Lan,thoi_gian(s),thoi_gian_sinh_so(s)
1,0.5917034302,0.0812566000
2,0.5403241577,0.0891325000
3,0.5301356201,0.0850841000
4,0.5249313965,0.0869555000
5,0.5334391479,0.0904852000
6,0.5355797119,0.0829606000
7,0.5353172607,0.0812585000
8,0.5354704590,0.0866009000
9,0.5325539551,0.0845713000
10,0.5320498657,0.0872678000
11,0.5303828735,0.0844941000
12,0.5363657227,0.0870880000
13,0.5331661987,0.0930489000
14,0.5321141968,0.0837616000
15,0.5284019775,0.0887418000
Average,0.5367957316
