Lan,thoi_gian(s),thoi_gian_sinh_so(s)
1,0.5300796509,0.0812064001
2,0.4612617798,0.0889051999
3,0.4573612976,0.0864698000
4,0.4586408081,0.0867101001
5,0.4578879395,0.0853013999
6,0.4631783142,0.0822687000
7,0.4684890442,0.0873895000
8,0.4718282166,0.0865718999
9,0.4723704224,0.0893955000
10,0.4752247009,0.0895031000
11,0.4608912964,0.0941226999
12,0.4631543579,0.0863895001
13,0.4731566467,0.0880618000
14,0.4710771484,0.0870927999
15,0.4690630493,0.0890826001
Average,0.4702443115
