Lan,thoi_gian(s),thoi_gian_sinh_so(s)
1,0.8308858032,0.0810598000
2,0.7874567871,0.0857915000
3,0.7883524780,0.0845699000
4,0.7893708496,0.0841265000
5,0.7889658813,0.0870739000
6,0.7888332520,0.0855189000
7,0.7942934570,0.0916662000
8,0.7944201050,0.0917810000
9,0.7957926636,0.0834887000
10,0.7906173706,0.0861735000
11,0.7879179687,0.0849397000
12,0.7956213989,0.0873845000
13,0.7896270142,0.0879411000
14,0.7928712769,0.0835411000
15,0.7901100464,0.0930612000
Average,0.7936757568
