Lan,thoi_gian(s),thoi_gian_sinh_so(s)
1,0.8368922119,0.0827122000
2,0.7896743774,0.0956070000
3,0.7907144165,0.0894097000
4,0.7870770874,0.0871438000
5,0.7895452271,0.0889950000
6,0.7892080078,0.0860080000
7,0.7911352539,0.0899186000
8,0.7897722168,0.0861933000
9,0.7878137207,0.0892169000
10,0.8029464111,0.0864139000
11,0.7974825439,0.0858546000
12,0.7939251709,0.0860479000
13,0.7916035767,0.0905410000
14,0.7904495239,0.0876936000
15,0.7943683472,0.0884094000
Average,0.7948405396
