Lan,thoi_gian(s),thoi_gian_sinh_so(s)
1,0.5347343140,0.0823941000
2,0.4519076843,0.0912766000
3,0.4444032288,0.0873182000
4,0.4495029297,0.0858370000
5,0.4487146912,0.0850563999
6,0.4454210205,0.0912675000
7,0.4432638550,0.0882587000
8,0.4425281982,0.0881066000
9,0.4423592529,0.0837627000
10,0.4460295410,0.0900838000
11,0.4445239868,0.0867935000
12,0.4461863708,0.0928178000
13,0.4523026733,0.0836232000
14,0.4508348694,0.0870455999
15,0.4503437195,0.0874311000
Average,0.4528704224
