Lan,thoi_gian(s),thoi_gian_sinh_so(s)
1,1.4278082275,0.1370665000
2,1.3732985840,0.1440208000
3,1.3714328613,0.1500725000
4,1.3715662842,0.1418381000
5,1.3732957764,0.1521238000
6,1.3725982666,0.1461716000
7,1.3719071045,0.1430551000
8,1.3729843750,0.1497010000
9,1.3769649658,0.1455772001
10,1.3787772217,0.1484449999
11,1.3767222900,0.1559964000
12,1.3782008057,0.1407924000
13,1.3800919189,0.1406835000
14,1.3864190674,0.1455740000
15,1.3888669434,0.1450196001
Average,1.3800623128
