Lan,thoi_gian(s),thoi_gian_sinh_so(s)
1,0.9558959961,0.1500096000
2,0.9248067017,0.1393120000
3,0.9213840942,0.1540170001
4,0.9188208618,0.1473857000
5,0.9284509888,0.1469349000
6,0.9243471680,0.1497378000
7,0.9259060059,0.1468672000
8,0.9255145874,0.1496933000
9,0.9319528198,0.1503138000
10,0.9243479614,0.1482896000
11,0.9194158936,0.1416523000
12,0.9222227783,0.1550834000
13,0.9233127441,0.1593021000
14,0.9262803345,0.1529354000
15,0.9242000732,0.1556593000
Average,0.9264572673
