Lan,thoi_gian(s),thoi_gian_sinh_so(s)
1,0.8129544678,0.1370950000
2,0.7454681396,0.1401552000
3,0.7465157471,0.1397411000
4,0.7455496216,0.1429172000
5,0.7429598999,0.1429381000
6,0.7448995972,0.1389049000
7,0.7443551025,0.1450745000
8,0.7572892456,0.1539692000
9,0.7511989136,0.1507116000
10,0.7495187988,0.1454222000
11,0.7518737183,0.1395115000
12,0.7482985840,0.1406807000
13,0.7478173218,0.1559151000
14,0.7471773682,0.1651221000
15,0.7534083252,0.1437707000
Average,0.7526189901
