Lan,thoi_gian(s),thoi_gian_sinh_so(s)
1,0.8152131958,0.1402121000
2,0.7594322510,0.1411704000
3,0.7547369995,0.1429605000
4,0.7579732056,0.1435118000
5,0.7561846313,0.1374713000
6,0.7627959595,0.1391401000
7,0.7564394531,0.1530364000
8,0.7578252563,0.1403369000
9,0.7593825073,0.1492397000
10,0.7609534912,0.1548594000
11,0.7559386597,0.1466859000
12,0.7622984619,0.1433070000
13,0.7589414673,0.1572115000
14,0.7603436890,0.1485253000
15,0.7609188843,0.1414038001
Average,0.7626252075
