Lan,thoi gian(s)
1,3.9240000248
2,3.6309998035
3,3.4350001812
4,3.8629999161
5,3.8940000534
6,3.8789999485
7,3.9190001488
8,3.8800001144
9,3.9470000267
10,3.9340000153
11,3.8229999542
12,4.0840001106
13,3.9829998016
14,3.9449999332
15,3.6259999275
Average,3.8511333307
