Lan,thoi gian(s)
1,0.0000000000
2,0.0139999390
3,0.0000000000
4,0.0080001354
5,0.0030000210
6,0.0000000000
7,0.0000000000
8,0.0150001049
9,0.0009999275
10,0.0060000420
11,0.0000000000
12,0.0030000210
13,0.0000000000
14,0.0000000000
15,0.0000000000
Average,0.0033333460
