Lan,thoi gian(s)
1,0.3400001526
2,0.3409998417
3,0.3849999905
4,0.3859999180
5,0.3439998627
6,0.3620002270
7,0.3530001640
8,0.3570001125
9,0.3669998646
10,0.3430001736
11,0.3760001659
12,0.3599998951
13,0.3380000591
14,0.3429999352
15,0.3489999771
Average,0.3562666893
