Lan,thoi gian(s)
1,0.0420000553
2,0.0309998989
3,0.0360000134
4,0.0299999714
5,0.0369999409
6,0.0360000134
7,0.0299999714
8,0.0370001793
9,0.0309998989
10,0.0420000553
11,0.0309998989
12,0.0349998474
13,0.0329999924
14,0.0440001488
15,0.0219998360
Average,0.0344666481
