Lan,thoi gian(s)
1,37.4869999886
2,48.4030001163
3,36.1169998646
4,31.6480000019
5,33.4459998608
6,35.3630001545
7,34.9419999123
8,30.5090000629
9,31.1500000954
10,37.2339999676
11,34.0989999771
12,33.7129998207
13,34.8910000324
14,36.8459999561
15,33.2669999599
Average,35.2743333181
