Lan,thoi_gian(s)
1,2.2760000229
2,2.2510001659
3,2.0810000896
4,2.2899999619
5,2.1270000935
6,1.9920001030
7,2.1829998493
8,2.1240000725
9,2.3090000153
10,2.3199999332
11,2.2410001755
12,2.3349997997
13,2.1970000267
14,2.2490000725
15,2.3719999790
Average,2.2231333574
