Lan,thoi_gian(s),thoi_gian_sinh_so(s)
1,0.2690636597,0.0278021000
2,0.2372359619,0.0292793000
3,0.2372445831,0.0275512000
4,0.2375351715,0.0302888000
5,0.2344592896,0.0290864000
6,0.2372542419,0.0289035000
7,0.2378068542,0.0299943000
8,0.2359189758,0.0295857000
9,0.2364642944,0.0304651000
10,0.2369373169,0.0288175000
11,0.2367109375,0.0288217000
12,0.2362521973,0.0298162000
13,0.2346233673,0.0288231000
14,0.2373341370,0.0305033000
15,0.2375472260,0.0285523000
Average,0.2388258809
