Lan,thoi_gian(s),thoi_gian_sinh_so(s)
1,1.0666608887,0.1394996000
2,0.9963681030,0.1562627000
3,1.0000286255,0.1486149000
4,0.9992299194,0.1447393000
5,1.0023374023,0.1489033000
6,1.0001348267,0.1470379000
7,1.0251611328,0.1467284000
8,0.9982199097,0.1508532000
9,1.0173240356,0.1444844000
10,1.0067036743,0.1445814000
11,0.9979454956,0.1457633000
12,1.0032254639,0.1525830000
13,1.0181820679,0.1448806000
14,1.0125607300,0.1511730000
15,1.0045393066,0.1442837000
Average,1.0099081055
