Lan,thoi gian(s)
1,1.4219999313
2,1.3329999447
3,1.3220000267
4,1.3120000362
5,1.3420000076
6,1.3550000191
7,1.3439998627
8,1.3169999123
9,1.3299999237
10,1.3759999275
11,1.3350000381
12,1.3310000896
13,1.3619999886
14,1.3129999638
15,1.3269999027
Average,1.3413999716
