Lan,thoi gian(s)
1,0.0190000534
2,0.0099999905
3,0.0190000534
4,0.0139999390
5,0.0009999275
6,0.0049998760
7,0.0169999599
8,0.0160000324
9,0.0169999599
10,0.0130000114
11,0.0020000935
12,0.0030000210
13,0.0179998875
14,0.0160000324
15,0.0160000324
Average,0.0123999914
