Lan,thoi gian(s)
1,0.1329998970
2,0.1390001774
3,0.1330001354
4,0.1329998970
5,0.1490001678
6,0.1369998455
7,0.1240000725
8,0.1429998875
9,0.1240000725
10,0.1180000305
11,0.1340000629
12,0.1320002079
13,0.1329998970
14,0.1349999905
15,0.1299998760
Average,0.1331333478
