Lan,thoi_gian(s)
1,2.8849999905
2,2.7790000439
3,2.7879998684
4,2.8030002117
5,2.8949999809
6,2.7759997845
7,2.7690000534
8,2.8159999847
9,2.8099999428
10,2.7919998169
11,2.7850000858
12,2.8110001087
13,2.8050000668
14,2.8669998646
15,2.8519999981
Average,2.8155333201
