Lan,thoi_gian(s)
1,4.5000000000
2,4.4409999847
3,4.4530000687
4,4.5809998512
5,4.4179999828
6,4.3970000744
7,4.4960000515
8,4.4120001793
9,4.4440000057
10,4.4340000153
11,4.4179999828
12,4.4419999123
13,4.4830000401
14,4.4609999657
15,4.4300000668
Average,4.4540000121
