Lan,thoi gian(s)
1,1.4160001278
2,1.3799998760
3,1.3810000420
4,1.3859999180
5,1.3619999886
6,1.3599998951
7,1.3569998741
8,1.3540000916
9,1.3760001659
10,1.3829998970
11,1.3719999790
12,1.3540000916
13,1.3640000820
14,1.3849999905
15,1.4019999504
Average,1.3754666646
