Lan,thoi gian(s)
1,118.9580001831
2,91.4539999962
3,88.9509999752
4,90.1779999733
5,91.2009999752
6,91.2980000973
7,96.1530001163
8,94.1940000057
9,90.2609999180
10,90.9019999504
11,98.6719999313
12,99.5880000591
13,90.3819999695
14,89.0000000000
15,95.0110001564
Average,94.4135333538
