Lan,thoi_gian(s)
1,9.1100001335
2,9.0309998989
3,9.7430000305
4,10.5929999352
5,10.5480000973
6,10.6340000629
7,10.5460000038
8,10.6069998741
9,10.4600000381
10,8.9709999561
11,9.0329999924
12,8.9470000267
13,8.9140000343
14,8.8380000591
15,8.9570000172
Average,9.6621333440
