Lan,thoi_gian(s),thoi_gian_sinh_so(s)
1,0.0509851837,0.0027603000
2,0.0403577614,0.0014226000
3,0.0403166389,0.0015035000
4,0.0405013123,0.0013796000
5,0.0307986565,0.0013990000
6,0.0305021439,0.0013669000
7,0.0301651192,0.0015739000
8,0.0300026875,0.0015229000
9,0.0299768639,0.0015612000
10,0.0299360962,0.0016122000
11,0.0299716473,0.0018907000
12,0.0297357769,0.0019080000
13,0.0303857594,0.0014304999
14,0.0306859207,0.0016235000
15,0.0308904324,0.0015384000
Average,0.0336808000
