Lan,thoi_gian(s),thoi_gian_sinh_so(s)
1,0.0479276810,0.0013897000
2,0.0362441292,0.0021031999
3,0.0355120316,0.0015166000
4,0.0376913910,0.0014514000
5,0.0324329910,0.0016948000
6,0.0289171200,0.0014733999
7,0.0277517128,0.0014455999
8,0.0282255993,0.0014299999
9,0.0270895367,0.0013762000
10,0.0269281597,0.0014087000
11,0.0267499523,0.0017170000
12,0.0270106564,0.0014956000
13,0.0270561924,0.0013969000
14,0.0279245129,0.0014646000
15,0.0276508484,0.0014574000
Average,0.0310075010
