Lan,thoi_gian(s),thoi_gian_sinh_so(s)
1,0.0596661453,0.0014236000
2,0.0441802559,0.0014879999
3,0.0438962555,0.0015765000
4,0.0439285774,0.0014721000
5,0.0407202873,0.0014365000
6,0.0328975372,0.0015122000
7,0.0327877426,0.0014597001
8,0.0325512962,0.0014644000
9,0.0328377609,0.0014090000
10,0.0346520653,0.0016078000
11,0.0329301453,0.0015807000
12,0.0327153587,0.0014272000
13,0.0325848961,0.0014586000
14,0.0338391991,0.0014917001
15,0.0331559982,0.0015668001
Average,0.0375562347
