Lan,thoi_gian(s),thoi_gian_sinh_so(s)
1,0.0474920654,0.0013288000
2,0.0300301437,0.0017828000
3,0.0301979847,0.0018147000
4,0.0300744648,0.0016790001
5,0.0303105602,0.0014212000
6,0.0220609283,0.0014814000
7,0.0245689926,0.0015326000
8,0.0223031998,0.0014359000
9,0.0219023037,0.0016736999
10,0.0221678715,0.0014846000
11,0.0221072006,0.0013756000
12,0.0219191036,0.0015238000
13,0.0218065929,0.0013768000
14,0.0237306232,0.0015527001
15,0.0228591042,0.0014618001
Average,0.0262354093
