Lan,thoi_gian(s),thoi_gian_sinh_so(s)
1,1.4262490234,0.1379479000
2,1.3691889648,0.1428719000
3,1.3716550293,0.1468158000
4,1.3775803223,0.1502955000
5,1.3723126221,0.1544724000
6,1.3747310791,0.1530569000
7,1.3675866699,0.1494425000
8,1.3683743896,0.1468738000
9,1.3678801270,0.1410555000
10,1.3680247803,0.1481368000
11,1.3708571777,0.1490766000
12,1.3743176270,0.1499235000
13,1.3687036133,0.1550464000
14,1.3732911377,0.1534702000
15,1.3710021973,0.1495314000
Average,1.3747836507
