Lan,thoi_gian(s),thoi_gian_sinh_so(s)
1,1.4139490967,0.1422835000
2,1.3691082764,0.1514017000
3,1.3651448975,0.1463863000
4,1.3713088379,0.1406647000
5,1.3644802246,0.1399278000
6,1.3725203857,0.1485004000
7,1.3689401855,0.1435563000
8,1.3722988281,0.1485196000
9,1.3760753174,0.1429604000
10,1.3706320801,0.1401912000
11,1.3827808838,0.1472592000
12,1.3703992920,0.1572542000
13,1.3733001709,0.1437860000
14,1.3848156738,0.1470513000
15,1.3796158447,0.1431953000
Average,1.3756913330
