Lan,thoi_gian(s),thoi_gian_sinh_so(s)
1,1.4603339844,0.1418327000
2,1.3848454590,0.1357495000
3,1.3717268066,0.1413290000
4,1.3702459717,0.1461825000
5,1.3799404297,0.1498043000
6,1.3754676514,0.1491785000
7,1.3865246582,0.1439669000
8,1.3790853271,0.1410752000
9,1.4196057129,0.1409430000
10,1.4313865967,0.1515108000
11,1.3902667236,0.1460681000
12,1.3819193115,0.1395572000
13,1.4007558594,0.1420163000
14,1.4335941162,0.1465746000
15,1.4260301514,0.1458083000
Average,1.3994485840
