Lan,thoi_gian(s),thoi_gian_sinh_so(s)
1,0.2014330292,0.0135472999
2,0.1167402267,0.0163017000
3,0.1140041885,0.0150042000
4,0.1123977890,0.0143203000
5,0.1132951965,0.0150063001
6,0.1119331512,0.0143093000
7,0.1119499512,0.0139981000
8,0.1118181763,0.0148349000
9,0.1087328644,0.0148180000
10,0.1100789413,0.0140105000
11,0.1087406082,0.0138462001
12,0.1103476181,0.0145416000
13,0.1109234238,0.0140160000
14,0.1086029739,0.0158437000
15,0.1084442215,0.0141249000
Average,0.1172961573
