Lan,thoi_gian(s),thoi_gian_sinh_so(s)
1,0.0386524467,0.0015719000
2,0.0262594566,0.0020366000
3,0.0262968636,0.0014651000
4,0.0263507843,0.0015786000
5,0.0280797443,0.0014668000
6,0.0263582077,0.0015648000
7,0.0196425915,0.0014881000
8,0.0204944000,0.0016311001
9,0.0198173122,0.0014254999
10,0.0208138237,0.0014101000
11,0.0197326088,0.0014726000
12,0.0209007359,0.0014803000
13,0.0199667206,0.0014615001
14,0.0221088314,0.0015044999
15,0.0198003521,0.0014309000
Average,0.0236849920
