Lan,thoi_gian(s),thoi_gian_sinh_so(s)
1,0.7131124878,0.0817756000
2,0.6753100586,0.0844135000
3,0.6829139404,0.1025650000
4,0.6783060913,0.0901427000
5,0.6794425659,0.0879914000
6,0.6818433228,0.0885722000
7,0.6778017578,0.0865761000
8,0.6774588623,0.0837059000
9,0.6795761719,0.0837890000
10,0.6777020874,0.0821138000
11,0.6762799683,0.0810588000
12,0.6778420410,0.0876841000
13,0.6807330933,0.0804089000
14,0.6786787720,0.0932811000
15,0.6805228882,0.0917324000
Average,0.6811682739
