Lan,thoi_gian(s),thoi_gian_sinh_so(s)
1,0.8708294678,0.1072750000
2,0.8448408813,0.1193398000
3,0.8378347168,0.1117771000
4,0.8225032349,0.1088099000
5,0.8294866333,0.1019221000
6,0.8218690796,0.0973672000
7,0.8309282837,0.1016214000
8,0.8510028687,0.1144578000
9,0.8347720337,0.1349728000
10,0.8411063232,0.1124410000
11,0.8497002563,0.1512564000
12,0.8323208618,0.1168373000
13,0.8622247925,0.1653701000
14,0.8553084106,0.1750954000
15,0.8913948364,0.1438834000
Average,0.8450748454
