Lan,thoi_gian(s),thoi_gian_sinh_so(s)
1,19.8979023438,0.1611228000
Average,19.8979023438
