Lan,thoi_gian(s),thoi_gian_sinh_so(s)
1,1.4141104736,0.1386169000
2,1.3743552246,0.1381082000
3,1.3718790283,0.1425029000
4,1.3686433105,0.1456120000
5,1.3708497314,0.1434956000
6,1.3689332275,0.1400060000
7,1.3687847900,0.1449032000
8,1.3838796387,0.1435001999
9,1.3812921143,0.1414355000
10,1.3704324951,0.1472583000
11,1.3890072021,0.1353320000
12,1.4139257812,0.1857426000
13,1.3752197266,0.1461952000
14,1.3699418945,0.1534426000
15,1.3697979736,0.1528549000
Average,1.3794035075
