Lan,thoi_gian(s),thoi_gian_sinh_so(s)
1,1.4454000244,0.1375836000
2,1.4079594727,0.1438611000
3,1.3944761963,0.1430814000
4,1.3748376465,0.1484806000
5,1.3757067871,0.1583461000
6,1.3747270508,0.1482601000
7,1.3704847412,0.1706995000
8,1.3748746338,0.1533987000
9,1.3724895020,0.1662278000
10,1.3742031250,0.1543998000
11,1.3734918213,0.1492702000
12,1.3756179199,0.1568879000
13,1.3758771973,0.1393418000
14,1.3814470215,0.1470856000
15,1.3771770020,0.1457291000
Average,1.3832513428
