Lan,thoi_gian(s),thoi_gian_sinh_so(s)
1,1.6267381592,0.1924055000
2,1.5212657471,0.2000936000
3,1.5065916748,0.2007951000
4,1.5250792236,0.2088977000
5,1.5155257568,0.2170104000
6,1.5158977051,0.1987206000
7,1.5242978516,0.1962607000
8,1.5200262451,0.2019850000
9,1.4945317383,0.1935363000
10,1.5129340820,0.1903710000
11,1.4972583008,0.1877603000
12,1.5041025391,0.1973209000
13,1.4974368896,0.1993515000
14,1.4831661377,0.1924842000
15,1.4903697510,0.1920844000
Average,1.5156814535
