Lan,thoi_gian(s),thoi_gian_sinh_so(s)
1,0.8840365601,0.1783804000
2,0.9019973145,0.1722214000
3,0.8501501465,0.1603778000
4,0.8461269531,0.2114873000
5,0.8445769653,0.1668874000
6,0.8492315674,0.1817658000
7,0.8412780762,0.1599068000
8,0.8322144775,0.1540458000
9,0.8551527710,0.1691050000
10,0.8390471191,0.1534781000
11,0.8416419678,0.1558126000
12,0.8473297119,0.1659328000
13,0.8326254272,0.1726632000
14,0.8476499023,0.1785386000
15,0.8466637573,0.1808140000
Average,0.8506481812
