Lan,thoi gian(s)
1,8.3780000210
2,8.2020001411
3,7.9809999466
4,8.2779998779
5,8.5970001221
6,8.0580000877
7,8.1809999943
8,8.1900000572
9,8.0939998627
10,8.2979998589
11,8.6870000362
12,8.4019999504
13,8.1649999619
14,8.1359999180
15,8.3210000992
Average,8.2645333290
