Lan,thoi gian(s)
1,1.1849999428
2,1.3659999371
3,1.2639999390
4,1.3190000057
5,1.2860000134
6,1.3140001297
7,1.2760000229
8,1.1940000057
9,1.1349999905
10,1.3490002155
11,1.1600000858
12,1.2980000973
13,1.2799999714
14,1.1589999199
15,1.3289999962
Average,1.2609333515
