Lan,thoi gian(s)
1,0.0179998875
2,0.0009999275
3,0.0150001049
4,0.0000000000
5,0.0169999599
6,0.0000000000
7,0.0160000324
8,0.0000000000
9,0.0169999599
10,0.0000000000
11,0.0179998875
12,0.0000000000
13,0.0169999599
14,0.0000000000
15,0.0030000210
Average,0.0081333160
