Lan,thoi gian(s)
1,0.7679998875
2,0.9309999943
3,0.8989999294
4,0.8519999981
5,0.8849999905
6,0.8129999638
7,0.9070000648
8,0.8929998875
9,0.8750000000
10,0.8719999790
11,0.9319999218
12,0.8840000629
13,0.8719999790
14,0.8830001354
15,0.8999998569
Average,0.8777333101
