Lan,thoi gian(s)
1,0.0699999332
2,0.0850000381
3,0.0669999123
4,0.0829999447
5,0.0659999847
6,0.0840001106
7,0.0640001297
8,0.0669999123
9,0.0829999447
10,0.0680000782
11,0.0679998398
12,0.0759999752
13,0.0740001202
14,0.0729999542
15,0.0720000267
Average,0.0733333270
