Lan,thoi gian(s)
1,68.1510000229
2,67.8910000324
3,62.5999999046
4,66.1669998169
5,63.9589998722
6,67.0879998207
7,66.6540000439
8,64.7109999657
9,69.7420001030
10,68.5089998245
11,68.1860001087
12,66.7770001888
13,67.3450000286
14,62.0000000000
15,63.8120000362
Average,66.2394666513
