Lan,thoi_gian(s),thoi_gian_sinh_so(s)
1,0.8392211304,0.1385105000
2,0.7805266724,0.1441521001
3,0.7823937988,0.1431507000
4,0.7834713745,0.1404716000
5,0.7829911499,0.1407322000
6,0.7807037964,0.1418370000
7,0.7821077271,0.1450810999
8,0.7809680176,0.1444984000
9,0.7827546997,0.1446401001
10,0.7827695923,0.1419646000
11,0.7839575195,0.1525514000
12,0.7861761475,0.1434163001
13,0.7834767456,0.1497863000
14,0.7864332886,0.1418620000
15,0.7829923706,0.1477003000
Average,0.7867296021
