Lan,thoi_gian(s),thoi_gian_sinh_so(s)
1,0.8614014282,0.1377807000
2,0.7759849243,0.1488180000
3,0.7709932861,0.1516992999
4,0.7723050537,0.1490224000
5,0.7872049561,0.1403546000
6,0.8001944580,0.1498662001
7,0.7711211548,0.1412978000
8,0.7728152466,0.1449449999
9,0.7720991211,0.1367044001
10,0.7735496826,0.1402361001
11,0.7736524048,0.1503029000
12,0.7731165161,0.1450153000
13,0.7747774658,0.1481698001
14,0.7720065308,0.1438362000
15,0.7738116455,0.1476459000
Average,0.7816689250
