Lan,thoi_gian(s),thoi_gian_sinh_so(s)
1,0.0232331200,0.0001476001
2,0.0137632961,0.0001641000
3,0.0138769283,0.0001418000
4,0.0117896004,0.0001490000
5,0.0120166082,0.0001458001
6,0.0117907524,0.0001518000
7,0.0125299520,0.0002387000
8,0.0118012476,0.0001743000
9,0.0117183361,0.0001428000
10,0.0126543684,0.0001462999
11,0.0115866880,0.0001608001
12,0.0124315205,0.0002038000
13,0.0117872963,0.0001652000
14,0.0121139841,0.0001369000
15,0.0120757122,0.0001740000
Average,0.0130112940
