Lan,thoi_gian(s),thoi_gian_sinh_so(s)
1,0.0224870071,0.0002828001
2,0.0136977921,0.0001339000
3,0.0138867836,0.0001658000
4,0.0120949116,0.0001434999
5,0.0118728638,0.0001444999
6,0.0123654079,0.0003369000
7,0.0117509441,0.0001829000
8,0.0118168316,0.0001520000
9,0.0117192001,0.0001434999
10,0.0118400002,0.0001589000
11,0.0120220156,0.0001629000
12,0.0118859520,0.0001529000
13,0.0118535357,0.0001510000
14,0.0123863363,0.0001843000
15,0.0117895041,0.0001434999
Average,0.0128979390
