Lan,thoi_gian(s),thoi_gian_sinh_so(s)
1,0.0249222393,0.0001339001
2,0.0150108156,0.0001370000
3,0.0151499844,0.0001795001
4,0.0127256641,0.0001439000
5,0.0127700796,0.0001651001
6,0.0122723522,0.0001636000
7,0.0123529282,0.0001415999
8,0.0123131199,0.0001373000
9,0.0124744644,0.0001462999
10,0.0126680641,0.0001403000
11,0.0123476801,0.0001480000
12,0.0127914877,0.0001747000
13,0.0125103998,0.0001647000
14,0.0123804798,0.0001554000
15,0.0124728317,0.0001430000
Average,0.0136775061
