Lan,thoi_gian(s),thoi_gian_sinh_so(s)
1,0.1401911011,0.0159423000
2,0.1129581146,0.0151019000
3,0.1072036514,0.0152264000
4,0.1069483490,0.0140629000
5,0.1066298904,0.0138673000
6,0.1072136612,0.0142295000
7,0.1072525101,0.0138088000
8,0.1065595856,0.0150351000
9,0.1069387207,0.0143003000
10,0.1096377563,0.0143813000
11,0.1087107162,0.0148919000
12,0.1067495346,0.0148362000
13,0.1084376984,0.0138139000
14,0.1070328674,0.0149780000
15,0.1073767700,0.0150731000
Average,0.1099893951