Lan,thoi_gian(s),thoi_gian_sinh_so(s)
1,0.1201113586,0.0155127001
2,0.0954407654,0.0150857001
3,0.0849125137,0.0156842000
4,0.0821672974,0.0154148000
5,0.0818606110,0.0143198000
6,0.0814567032,0.0150410000
7,0.0809609604,0.0150690000
8,0.0818548508,0.0146100001
9,0.0800901413,0.0147451999
10,0.0811532822,0.0141417000
11,0.0794505920,0.0142650000
12,0.0802997437,0.0143295999
13,0.0809464645,0.0154299000
14,0.0829583969,0.0154086000
15,0.0806169586,0.0146537001
Average,0.0849520426
