Lan,thoi_gian(s),thoi_gian_sinh_so(s)
1,0.1561990051,0.0149821000
2,0.1172561569,0.0145613000
3,0.1184702682,0.0144233000
4,0.1156789093,0.0143651000
5,0.1162495651,0.0140415000
6,0.1161653137,0.0144210000
7,0.1167890854,0.0145355000
8,0.1158313904,0.0141259000
9,0.1149857635,0.0142249000
10,0.1159270706,0.0143844000
11,0.1168016968,0.0138044000
12,0.1162724762,0.0139733000
13,0.1175528641,0.0142475000
14,0.1152935333,0.0152954000
15,0.1152115860,0.0204925000
Average,0.1189789790
