Lan,thoi_gian(s),thoi_gian_sinh_so(s)
1,0.1222659225,0.0165055000
2,0.1028005753,0.0145627000
3,0.0894964828,0.0144347000
4,0.0868230743,0.0139014000
5,0.0866482239,0.0140135000
6,0.0887118683,0.0136172000
7,0.0889128342,0.0145119000
8,0.0876232986,0.0146986000
9,0.0879670105,0.0150301000
10,0.0870736313,0.0140168000
11,0.0881985931,0.0168863000
12,0.0867064285,0.0137199000
13,0.0867261124,0.0154246000
14,0.0867220459,0.0138186000
15,0.0866357422,0.0141738000
Average,0.0908874563
