Lan,thoi_gian(s),thoi_gian_sinh_so(s)
1,0.1131241913,0.0146136000
2,0.0976329269,0.0157910000
3,0.0761818848,0.0156585000
4,0.0780817261,0.0151323000
5,0.0771029434,0.0150787999
6,0.0752206421,0.0157809000
7,0.0779383011,0.0152123000
8,0.0756265564,0.0143052000
9,0.0738530884,0.0145291000
10,0.0736942368,0.0142533000
11,0.0742095642,0.0143462000
12,0.0750699539,0.0145595000
13,0.0773043823,0.0137160000
14,0.0768677444,0.0140590001
15,0.0754118729,0.0137788000
Average,0.0798213343
