Lan,thoi_gian(s),thoi_gian_sinh_so(s)
1,0.1547758789,0.0140209000
2,0.1243562241,0.0144108001
3,0.1167119370,0.0138902001
4,0.1176563873,0.0136799000
5,0.1164320297,0.0152648001
6,0.1161804810,0.0141783999
7,0.1153549118,0.0146996001
8,0.1142714233,0.0144099001
9,0.1158744659,0.0147537000
10,0.1144866562,0.0143786999
11,0.1151948471,0.0141576000
12,0.1150880356,0.0156210000
13,0.1148974075,0.0143928999
14,0.1165080032,0.0149262000
15,0.1147415390,0.0142965000
Average,0.1188353485
