Lan,thoi_gian(s),thoi_gian_sinh_so(s)
1,0.8169227905,0.1354890000
2,0.7500040894,0.1497802001
3,0.7498358154,0.1378217001
4,0.7504667969,0.1426866000
5,0.7547692871,0.1407706001
6,0.7523901978,0.1408181000
7,0.7519094849,0.1457407001
8,0.7542866211,0.1458432999
9,0.7563100586,0.1456085000
10,0.7550057373,0.1485356000
11,0.7562836304,0.1391914000
12,0.7557384033,0.1408878000
13,0.7576375122,0.1417440999
14,0.7564746704,0.1411399000
15,0.7550006104,0.1409918000
Average,0.7582023804
