Lan,thoi_gian(s),thoi_gian_sinh_so(s)
1,0.8112582397,0.1360657000
2,0.7691787109,0.1576724000
3,0.7594387207,0.1471729000
4,0.7518353271,0.1654219000
5,0.7506483154,0.1443126000
6,0.7514771118,0.1433539000
7,0.7522243652,0.1402031000
8,0.7530680542,0.1407026000
9,0.7519309082,0.1443628000
10,0.7526912231,0.1430778000
11,0.7556878052,0.1415837000
12,0.7515602417,0.1370684000
13,0.7564500122,0.1372536000
14,0.7557453003,0.1439970000
15,0.7606026001,0.1401043000
Average,0.7589197957
