Lan,thoi gian(s)
1,15.4359998703
2,15.2450001240
3,15.2030000687
4,15.1040000916
5,15.3059999943
6,15.2369999886
7,14.8810000420
8,15.2500000000
9,15.1140000820
10,15.2439999580
11,15.2189998627
12,14.9940001965
13,15.0420000553
14,15.2430000305
15,15.0350000858
Average,15.1702000300
