Lan,thoi_gian(s),thoi_gian_sinh_so(s)
1,0.3972265320,0.0432377000
2,0.3695604553,0.0420644000
3,0.3677590637,0.0435883000
4,0.3728425293,0.0425215000
5,0.3765313416,0.0437471000
6,0.3668844604,0.0426906000
7,0.3670348511,0.0412097000
8,0.3669454041,0.0425783000
9,0.3688491211,0.0422007000
10,0.3675854187,0.0440326000
11,0.3698852234,0.0426249000
12,0.3681701965,0.0438593000
13,0.3674165955,0.0443185000
14,0.3662521362,0.0434073000
15,0.3669530029,0.0417906000
Average,0.3706597555
