Lan,thoi_gian(s),thoi_gian_sinh_so(s)
1,0.2811422729,0.0469960000
2,0.2186551666,0.0466814000
3,0.2204074249,0.0441758000
4,0.2197234497,0.0440435000
5,0.2188576355,0.0433717000
6,0.2185977936,0.0430335000
7,0.2192564850,0.0434365000
8,0.2187662048,0.0437670000
9,0.2175516815,0.0427783000
10,0.2189304657,0.0431675000
11,0.2193446655,0.0427345000
12,0.2237568054,0.0432052000
13,0.2182971802,0.0432275000
14,0.2189886017,0.0429687000
15,0.2204205780,0.0425407000
Average,0.2235130941
