Lan,thoi_gian(s),thoi_gian_sinh_so(s)
1,0.4006791992,0.0468900000
2,0.3664842224,0.0422074000
3,0.3665559998,0.0443784000
4,0.3679327087,0.0438225000
5,0.3692343445,0.0455533000
6,0.3731740417,0.0433428000
7,0.3675656433,0.0423994000
8,0.3664342041,0.0430316000
9,0.3725116577,0.0421088000
10,0.3682011414,0.0433510000
11,0.3690505676,0.0442465000
12,0.3692154846,0.0428599000
13,0.3675678406,0.0422781000
14,0.3681172791,0.0442027000
15,0.3684281616,0.0421443000
Average,0.3707434998
