Lan,thoi_gian(s),thoi_gian_sinh_so(s)
1,0.9873508911,0.1366972000
2,0.9214664917,0.1469296000
3,0.9154056396,0.1416631000
4,0.9155025024,0.1429348000
5,0.9117576904,0.1448137000
6,0.9114074707,0.1432774000
7,0.9101315308,0.1448620000
8,0.9085332642,0.1517812000
9,0.9068397827,0.1487660000
10,0.9177707520,0.1474381000
11,0.9231505737,0.1521685000
12,0.9085994263,0.1404466000
13,0.9248022461,0.1437361000
14,0.9157062378,0.1520708000
15,0.9123198853,0.1431387000
Average,0.9193829590
